medicine_name,reimbursement_class,uses
复方硼砂,甲,口腔科制剂
糠甾醇,乙,口腔科制剂
克霉唑,乙,口腔科制剂
氯己定,乙,口腔科制剂
替硝唑,乙,口腔科制剂
西吡氯铵,乙,口腔科制剂
复方氢氧化铝,甲,抗酸药
枸橼酸铋钾,甲,抗酸药
碳酸氢钠,甲,抗酸药
胶体果胶铋,甲,抗酸药
胶体果胶铋,乙,抗酸药
复方铝酸铋,乙,抗酸药
铝碳酸镁,乙,抗酸药
铝碳酸镁 咀嚼,乙,抗酸药
法莫替丁,甲,H2-受体拮抗剂
雷尼替丁,甲,H2-受体拮抗剂
奥美拉唑,甲,质子泵抑制剂
奥美拉唑,乙,质子泵抑制剂
埃索美拉唑,乙,质子泵抑制剂
艾司奥美拉唑镁肠溶干混悬剂,乙,质子泵抑制剂
艾普拉唑,乙,质子泵抑制剂
兰索拉唑,乙,质子泵抑制剂
雷贝拉唑,乙,质子泵抑制剂
泮托拉唑,乙,质子泵抑制剂
奥美拉唑碳酸氢钠干混悬剂 限活动性十二指肠溃疡或胃食管反流病。,乙,质子泵抑制剂
奥美拉唑碳酸氢钠,乙,质子泵抑制剂
吉法酯,乙,其他治疗消化性溃疡病和胃食道反流病的药物
硫糖铝,乙,其他治疗消化性溃疡病和胃食道反流病的药物
硫糖铝 混悬,乙,其他治疗消化性溃疡病和胃食道反流病的药物
瑞巴派特,乙,其他治疗消化性溃疡病和胃食道反流病的药物
替普瑞酮,乙,其他治疗消化性溃疡病和胃食道反流病的药物
富马酸伏诺拉生,乙,其他治疗消化性溃疡病和胃食道反流病的药物
匹维溴铵,甲,治疗功能性肠道疾病的药物
二甲硅油,乙,治疗功能性肠道疾病的药物
西甲硅油,乙,治疗功能性肠道疾病的药物
间苯三酚,乙,治疗功能性肠道疾病的药物
曲美布汀,乙,治疗功能性肠道疾病的药物
罂粟碱,乙,治疗功能性肠道疾病的药物
格隆溴铵,乙,治疗功能性肠道疾病的药物
阿托品,甲,单方颠茄及其衍生物
颠茄,甲,单方颠茄及其衍生物
山莨菪碱,甲,单方颠茄及其衍生物
丁溴东莨菪碱,乙,单方颠茄及其衍生物
东莨菪碱,乙,单方颠茄及其衍生物
消旋山莨菪碱,乙,单方颠茄及其衍生物
多潘立酮,甲,胃肠动力药
甲氧氯普胺,甲,胃肠动力药
莫沙必利,甲,胃肠动力药
多潘立酮,乙,胃肠动力药
溴米那普鲁卡因,乙,胃肠动力药
伊托必利,乙,胃肠动力药
昂丹司琼,甲,止吐药和止恶心药
昂丹司琼,乙,止吐药和止恶心药
格拉司琼,乙,止吐药和止恶心药
帕洛诺司琼,乙,止吐药和止恶心药
托烷司琼,乙,止吐药和止恶心药
阿瑞匹坦,乙,止吐药和止恶心药
熊去氧胆酸,甲,胆治疗药
联苯双酯,甲,肝脏治疗药，抗脂肪肝药
促肝细胞生长素,乙,肝脏治疗药，抗脂肪肝药
多烯磷脂酰胆碱,乙,肝脏治疗药，抗脂肪肝药
复方甘草甜素,乙,肝脏治疗药，抗脂肪肝药
甘草酸二铵,乙,肝脏治疗药，抗脂肪肝药
谷胱甘肽,乙,肝脏治疗药，抗脂肪肝药
还原型谷胱甘肽,乙,肝脏治疗药，抗脂肪肝药
硫普罗宁,乙,肝脏治疗药，抗脂肪肝药
门冬氨酸鸟氨酸,乙,肝脏治疗药，抗脂肪肝药
葡醛内酯,乙,肝脏治疗药，抗脂肪肝药
双环醇,乙,肝脏治疗药，抗脂肪肝药
水飞蓟宾,乙,肝脏治疗药，抗脂肪肝药
水飞蓟宾葡甲胺,乙,肝脏治疗药，抗脂肪肝药
水飞蓟素,乙,肝脏治疗药，抗脂肪肝药
异甘草酸镁,乙,肝脏治疗药，抗脂肪肝药
甘草酸单铵半胱氨酸氯化钠,乙,肝脏治疗药，抗脂肪肝药
液精氨酸谷氨酸,乙,肝脏治疗药，抗脂肪肝药
聚乙二醇,甲,治疗便秘药物
开塞露,甲,治疗便秘药物
硫酸镁,甲,治疗便秘药物
硫酸镁钠钾,乙,治疗便秘药物
多库酯钠,乙,治疗便秘药物
甘油,乙,治疗便秘药物
聚卡波非钙,乙,治疗便秘药物
普芦卡必利,乙,治疗便秘药物
乳果糖,乙,治疗便秘药物
利那洛肽,乙,治疗便秘药物
小檗碱,甲,肠道抗感染药
利福昔明,乙,肠道抗感染药
新霉素,乙,肠道抗感染药
蒙脱石,甲,肠道吸附剂
药用炭,甲,肠道吸附剂
蒙脱石,乙,肠道吸附剂
补液盐Ⅱ,甲,含碳水化合物的电解质
洛哌丁胺,甲,胃肠动力减低药
洛哌丁胺,乙,胃肠动力减低药
柳氮磺吡啶,甲,肠道抗炎药
美沙拉秦,乙,肠道抗炎药
地衣芽孢杆菌活菌,乙,止泻微生物
枯草杆菌二联活菌,乙,止泻微生物
双歧杆菌活菌,乙,止泻微生物
双歧杆菌乳杆菌三联活菌,乙,止泻微生物
双歧杆菌三联活菌,乙,止泻微生物
双歧杆菌四联活菌,乙,止泻微生物
消旋卡多曲,乙,其他止泻药
乳酶生,甲,消化药，包括酶类
复方阿嗪米特,乙,消化药，包括酶类
米曲菌胰酶,乙,消化药，包括酶类
胰酶,乙,消化药，包括酶类
人胰岛素,甲,胰岛素及其类似物，短效
生物合成人胰岛素,甲,胰岛素及其类似物，短效
胰岛素,甲,胰岛素及其类似物，短效
谷赖胰岛素,乙,胰岛素及其类似物，短效
赖脯胰岛素,乙,胰岛素及其类似物，短效
门冬胰岛素,乙,胰岛素及其类似物，短效
低精蛋白锌胰岛素,甲,胰岛素及其类似物，中效
精蛋白锌重组人胰岛素,甲,胰岛素及其类似物，中效
精蛋白生物合成人胰岛素,乙,胰岛素及其类似物，中效
精蛋白锌胰岛素,甲,胰岛素及其类似物，预混
精蛋白重组人胰岛素混合,甲,胰岛素及其类似物，预混
精蛋白锌重组赖脯胰岛素混合,乙,胰岛素及其类似物，预混
白锌重组赖脯胰岛素混合,乙,胰岛素及其类似物，预混
胰岛素30,乙,胰岛素及其类似物，预混
门冬胰岛素50,乙,胰岛素及其类似物，预混
精蛋白锌胰岛素,甲,胰岛素及其类似物，长效
地特胰岛素,乙,胰岛素及其类似物，长效
甘精胰岛素,乙,胰岛素及其类似物，长效
德谷胰岛素,乙,胰岛素及其类似物，长效
二甲双胍,甲,双胍类
盐酸二甲双胍,乙,双胍类
格列本脲,甲,磺酰脲类衍生物
格列吡嗪,甲,磺酰脲类衍生物
格列美脲,甲,磺酰脲类衍生物
格列喹酮,甲,磺酰脲类衍生物
格列吡嗪,乙,磺酰脲类衍生物
格列齐特,乙,磺酰脲类衍生物
二甲双胍恩格列净,乙,口服复方降糖药
吡格列酮二甲双胍,乙,口服复方降糖药
二甲双胍格列吡嗪,乙,口服复方降糖药
沙格列汀二甲双胍Ⅱ,乙,口服复方降糖药
阿卡波糖,甲,α-葡萄糖苷酶抑制剂
阿卡波糖咀嚼,乙,α-葡萄糖苷酶抑制剂
伏格列波糖,乙,α-葡萄糖苷酶抑制剂
米格列醇,乙,α-葡萄糖苷酶抑制剂
吡格列酮,乙,噻唑啉二酮类
罗格列酮,乙,噻唑啉二酮类
阿格列汀,乙,二肽基肽酶-4(DPP-4)抑制剂
利格列汀,乙,二肽基肽酶-4(DPP-4)抑制剂
沙格列汀,乙,二肽基肽酶-4(DPP-4)抑制剂
维格列汀,乙,二肽基肽酶-4(DPP-4)抑制剂
西格列汀,乙,二肽基肽酶-4(DPP-4)抑制剂
恩格列净,乙,钠葡萄糖协同转运蛋白2(SGLT-2)抑制剂
卡格列净,乙,钠葡萄糖协同转运蛋白2(SGLT-2)抑制剂
达格列净,乙,钠葡萄糖协同转运蛋白2(SGLT-2)抑制剂
艾托格列净,乙,钠葡萄糖协同转运蛋白2(SGLT-2)抑制剂
艾塞那肽,乙,胰高血糖素样肽-1(GLP-1)类似物
利拉鲁肽,乙,胰高血糖素样肽-1(GLP-1)类似物
利司那肽,乙,胰高血糖素样肽-1(GLP-1)类似物
米格列奈钙,乙,其他降血糖药
那格列奈,乙,其他降血糖药
瑞格列奈,乙,其他降血糖药
依帕司他,乙,其他的糖尿病用药
硫辛酸,乙,其他的糖尿病用药
维生素B1,甲,维生素类
维生素B2,甲,维生素类
维生素B6,甲,维生素类
维生素C,甲,维生素类
维生素D2,甲,维生素类
维生素D3,甲,维生素类
阿法骨化醇,乙,维生素类
复合维生素B,乙,维生素类
骨化三醇,乙,维生素类
水溶性维生素,乙,维生素类
碳酸钙D3 Ⅰ,乙,维生素类
碳酸钙D3 Ⅱ,乙,维生素类
维生素A,乙,维生素类
维生素B1,乙,维生素类
维生素B2,乙,维生素类
维生素C,乙,维生素类
维生素AD,乙,维生素类
硒酵母,乙,维生素类
小儿碳酸钙D3,乙,维生素类
烟酰胺,乙,维生素类
多种维生素,乙,维生素类
艾地骨化醇软,乙,维生素类
硫酸镁,甲,矿物质补充剂
氯化钾,甲,矿物质补充剂
葡萄糖酸钙,甲,矿物质补充剂
醋酸钙,乙,矿物质补充剂
复合磷酸氢钾,乙,矿物质补充剂
枸橼酸钾,乙,矿物质补充剂
硫酸锌,乙,矿物质补充剂
氯化钙,乙,矿物质补充剂
氯化钾,乙,矿物质补充剂
门冬氨酸钾镁,乙,矿物质补充剂
葡萄糖酸钙,乙,矿物质补充剂
碳酸钙,乙,矿物质补充剂
司坦唑醇,乙,全身用蛋白同化药
缓解消化道不适症状的复方OTC,乙,其他消化道及代谢用药
制加剂贝酯,乙,其他消化道及代谢用药
乌司他丁,乙,其他消化道及代谢用药
腺苷蛋氨酸,乙,其他消化道及代谢用药
盐酸乙酰左卡尼汀,乙,其他消化道及代谢用药
特利加压素,乙,其他消化道及代谢用药
华法林,甲,维生素K拮抗剂
肝素,甲,肝素类
达肝素,乙,肝素类
低分子肝素,乙,肝素类
肝素 封管液,乙,肝素类
那屈肝素,乙,肝素类
依诺肝素,乙,肝素类
阿司匹林,甲,血小板凝聚抑制剂，肝素除外
双嘧达莫,甲,血小板凝聚抑制剂，肝素除外
阿司匹林,乙,血小板凝聚抑制剂，肝素除外
阿司匹林 肠溶,乙,血小板凝聚抑制剂，肝素除外
贝前列素,乙,血小板凝聚抑制剂，肝素除外
氯吡格雷,乙,血小板凝聚抑制剂，肝素除外
铝镁匹林,乙,血小板凝聚抑制剂，肝素除外
沙格雷酯,乙,血小板凝聚抑制剂，肝素除外
替罗非班,乙,血小板凝聚抑制剂，肝素除外
替罗非班氯化钠,乙,血小板凝聚抑制剂，肝素除外
西洛他唑,乙,血小板凝聚抑制剂，肝素除外
依替巴肽,乙,血小板凝聚抑制剂，肝素除外
吲哚布芬,乙,血小板凝聚抑制剂，肝素除外
替格瑞洛,乙,血小板凝聚抑制剂，肝素除外
氯吡格雷阿司匹林,乙,血小板凝聚抑制剂，肝素除外
曲前列尼尔,乙,血小板凝聚抑制剂，肝素除外
尿激酶,甲,酶类
重组链激酶,甲,酶类
降纤酶,乙,酶类
纤溶酶,乙,酶类
蚓激酶,乙,酶类
巴曲酶,乙,酶类
限急性心肌梗死发病12小时内使用。,乙,酶类
阿加曲班,乙,直接凝血酶抑制剂
达比加群酯,乙,直接凝血酶抑制剂
阿哌沙班,乙,直接Xa因子抑制剂
磺达肝癸钠,乙,直接Xa因子抑制剂
利伐沙班,乙,直接Xa因子抑制剂
甲苯磺酸艾多沙班,乙,直接Xa因子抑制剂
阿魏酸哌嗪,乙,其他抗血栓形成药
奥扎格雷,乙,其他抗血栓形成药
氨甲苯酸,甲,抗纤维蛋白溶解药
氨甲环酸,甲,抗纤维蛋白溶解药
氨基己酸,乙,抗纤维蛋白溶解药
氨基己酸氯化钠,乙,抗纤维蛋白溶解药
氨甲苯酸氯化钠,乙,抗纤维蛋白溶解药
氨甲苯酸葡萄糖,乙,抗纤维蛋白溶解药
氨甲环酸,乙,抗纤维蛋白溶解药
氨甲环酸氯化钠,乙,抗纤维蛋白溶解药
甲萘氢醌,甲,维生素K和其他止血药
凝血酶,甲,维生素K和其他止血药
凝血酶 散剂,甲,维生素K和其他止血药
人凝血因子Ⅷ,甲,维生素K和其他止血药
维生素K1,甲,维生素K和其他止血药
亚硫酸氢钠甲萘醌,甲,维生素K和其他止血药
艾曲泊帕乙醇胺,乙,维生素K和其他止血药
白眉蛇毒血凝酶,乙,维生素K和其他止血药
酚磺乙胺,乙,维生素K和其他止血药
聚桂醇,乙,维生素K和其他止血药
卡络磺钠,乙,维生素K和其他止血药
卡络磺钠氯化钠,乙,维生素K和其他止血药
矛头蝮蛇血凝酶,乙,维生素K和其他止血药
马来酸阿伐曲泊帕,乙,维生素K和其他止血药
人凝血酶原复合物,乙,维生素K和其他止血药
人纤维蛋白原,乙,维生素K和其他止血药
蛇毒血凝酶,乙,维生素K和其他止血药
维生素K1,乙,维生素K和其他止血药
维生素K4,乙,维生素K和其他止血药
亚硫酸氢钠甲萘醌,乙,维生素K和其他止血药
重组人凝血因子Ⅷ,乙,维生素K和其他止血药
重组人凝血因子Ⅸ,乙,维生素K和其他止血药
人凝血因子Ⅸ 限凝血因子Ⅸ缺乏症患者的出血治疗。,乙,维生素K和其他止血药
硫酸亚铁,甲,铁制剂
右旋糖酐铁,甲,铁制剂
琥珀酸亚铁,甲,铁制剂
右旋糖酐铁,乙,铁制剂
多糖铁复合物,乙,铁制剂
富马酸亚铁,乙,铁制剂
富马酸亚铁 咀嚼,乙,铁制剂
琥珀酸亚铁,乙,铁制剂
葡萄糖酸亚铁,乙,铁制剂
蔗糖铁,乙,铁制剂
维生素B12,甲,维生素B12和叶酸
叶酸,甲,维生素B12和叶酸
腺苷钴胺,甲,维生素B12和叶酸
甲钴胺,乙,维生素B12和叶酸
利可君,乙,维生素B12和叶酸
腺苷钴胺,乙,维生素B12和叶酸
叶酸,乙,维生素B12和叶酸
人促红素[重组人促红素(CHO细,乙,维生素B12和叶酸
胞重组)] 人促红素-β,乙,维生素B12和叶酸
罗沙司他,乙,其他抗贫血制剂
琥珀酰明胶,乙,血液和相关制品
人血白蛋白,乙,血液和相关制品
羟乙基淀,乙,血液和相关制品
复方氨基酸,甲,胃肠外营养液
复方氨基酸,乙,胃肠外营养液
小儿复方氨基酸,乙,胃肠外营养液
脂肪乳[指大豆油],乙,胃肠外营养液
ω-3鱼油脂肪乳,乙,胃肠外营养液
中/长链脂肪乳,乙,胃肠外营养液
ω-3鱼油中/长链脂肪乳,乙,胃肠外营养液
结构脂肪乳,乙,胃肠外营养液
脂肪乳氨基酸葡萄糖,乙,胃肠外营养液
复方氯化钠,甲,影响电解质平衡的溶液
葡萄糖,甲,影响电解质平衡的溶液
葡萄糖氯化钠,甲,影响电解质平衡的溶液
乳酸钠,甲,影响电解质平衡的溶液
乳酸钠林格,甲,影响电解质平衡的溶液
碳酸氢钠林格,乙,影响电解质平衡的溶液
复方乳酸钠葡萄糖,乙,影响电解质平衡的溶液
果糖,乙,影响电解质平衡的溶液
果糖氯化钠,乙,影响电解质平衡的溶液
灭菌,乙,影响电解质平衡的溶液
甘露醇,甲,产生渗透性利尿的溶液
甘油果糖氯化钠,甲,产生渗透性利尿的溶液
复方甘油,乙,产生渗透性利尿的溶液
生理氯化钠,乙,灌洗液
腹膜透析液,甲,腹膜透析液
氨基酸腹膜透析液,乙,腹膜透析液
精氨酸,甲,静脉注射液添加剂
氯化钾,甲,静脉注射液添加剂
氯化钠,甲,静脉注射液添加剂
浓氯化钠,甲,静脉注射液添加剂
碳酸氢钠,甲,静脉注射液添加剂
丙氨酰谷氨酰胺,乙,静脉注射液添加剂
甘油磷酸钠,乙,静脉注射液添加剂
甘露醇,乙,其他血液系统用药
糜蛋白酶,乙,其他血液系统用药
胰蛋白酶,乙,其他血液系统用药
血液滤过置换基础液,乙,其他血液系统用药
血液滤过置换液,乙,其他血液系统用药
醋酸艾替班特,乙,遗传性血管性水肿药物
地高辛,甲,强心苷
毒毛花苷K,甲,强心苷
去乙酰毛花苷,甲,强心苷
胺碘酮,甲,Ⅰ类和Ⅲ类的抗心律失常药
奎尼丁,甲,Ⅰ类和Ⅲ类的抗心律失常药
利多卡因,甲,Ⅰ类和Ⅲ类的抗心律失常药
美西律,甲,Ⅰ类和Ⅲ类的抗心律失常药
普罗帕酮,甲,Ⅰ类和Ⅲ类的抗心律失常药
莫雷西嗪,甲,Ⅰ类和Ⅲ类的抗心律失常药
伊布利特,乙,Ⅰ类和Ⅲ类的抗心律失常药
多巴胺,甲,强心苷类除外的心脏兴奋药
多巴酚丁胺,甲,强心苷类除外的心脏兴奋药
间羟胺,甲,强心苷类除外的心脏兴奋药
麻黄碱,甲,强心苷类除外的心脏兴奋药
去甲肾上腺素,甲,强心苷类除外的心脏兴奋药
肾上腺素,甲,强心苷类除外的心脏兴奋药
异丙肾上腺素,甲,强心苷类除外的心脏兴奋药
米多君,乙,强心苷类除外的心脏兴奋药
米力农,乙,强心苷类除外的心脏兴奋药
米力农氯化钠,乙,强心苷类除外的心脏兴奋药
米力农葡萄糖,乙,强心苷类除外的心脏兴奋药
去氧肾上腺素,乙,强心苷类除外的心脏兴奋药
左西孟旦,乙,强心苷类除外的心脏兴奋药
盐酸奥普力农,乙,强心苷类除外的心脏兴奋药
硝酸甘油,甲,用于心脏疾患的血管扩张药
硝酸异山梨酯,甲,用于心脏疾患的血管扩张药
单硝酸异山梨酯,甲,用于心脏疾患的血管扩张药
尼可地尔,甲,用于心脏疾患的血管扩张药
单硝酸异山梨酯,乙,用于心脏疾患的血管扩张药
单硝酸异山梨酯Ⅱ,乙,用于心脏疾患的血管扩张药
硝酸甘油 舌下,乙,用于心脏疾患的血管扩张药
硝酸甘油,乙,用于心脏疾患的血管扩张药
硝酸异山梨酯,乙,用于心脏疾患的血管扩张药
硝酸异山梨酯氯化钠,乙,用于心脏疾患的血管扩张药
硝酸异山梨酯葡萄糖,乙,用于心脏疾患的血管扩张药
葛根素,乙,其他心脏疾病用药
曲美他嗪,乙,其他心脏疾病用药
腺苷,乙,其他心脏疾病用药
伊伐布雷定,乙,其他心脏疾病用药
瑞加诺生,乙,其他心脏疾病用药
利血平,甲,中枢作用的抗肾上腺素能药
地巴唑,乙,中枢作用的抗肾上腺素能药
甲基多巴,乙,中枢作用的抗肾上腺素能药
可乐定,乙,中枢作用的抗肾上腺素能药
哌唑嗪,甲,外周作用的抗肾上腺素能药
川芎嗪,乙,外周作用的抗肾上腺素能药
银杏达莫,乙,外周作用的抗肾上腺素能药
银杏叶提取物,乙,外周作用的抗肾上腺素能药
银杏蜜环,乙,外周作用的抗肾上腺素能药
穿龙薯蓣皂苷,乙,外周作用的抗肾上腺素能药
复方罗布麻,乙,外周作用的抗肾上腺素能药
多沙唑嗪,乙,外周作用的抗肾上腺素能药
萘哌地尔,乙,外周作用的抗肾上腺素能药
乌拉地尔,乙,外周作用的抗肾上腺素能药
硝普钠,甲,作用于小动脉平滑肌的药物
安立生坦,乙,其他抗高血压药
波生坦分散,乙,其他抗高血压药
利奥西呱,乙,其他抗高血压药
马昔腾坦,乙,其他抗高血压药
复方利血平,甲,抗高血压药与利尿药的复方制剂
复方利血平氨苯蝶啶,甲,抗高血压药与利尿药的复方制剂
氢氯噻嗪,甲,低效利尿药
吲达帕胺,甲,低效利尿药
吲达帕胺Ⅱ,乙,低效利尿药
呋塞米,甲,高效利尿药
布美他尼,乙,高效利尿药
托拉塞米,乙,高效利尿药
氨苯蝶啶,甲,保钾利尿药
螺内酯,甲,保钾利尿药
托伐普坦,乙,加压素拮抗剂
酚妥拉明,甲,周围血管扩张药
阿魏酸钠,乙,周围血管扩张药
二氢麦角碱,乙,周围血管扩张药
法舒地尔,乙,周围血管扩张药
酚苄明,乙,周围血管扩张药
己酮可可碱,乙,周围血管扩张药
尼麦角林,乙,周围血管扩张药
烟酸,乙,周围血管扩张药
烟酸肌醇酯,乙,周围血管扩张药
肌醇烟酸酯,乙,周围血管扩张药
胰激肽原酶,乙,周围血管扩张药
地奥司明,乙,血管保护剂
复方角菜酸酯,乙,血管保护剂
肝素,乙,血管保护剂
多磺酸粘多糖,乙,血管保护剂
七叶皂苷,乙,血管保护剂
曲克芦丁,乙,血管保护剂
普萘洛尔,甲,非选择性β-受体阻滞剂
普萘洛尔,乙,非选择性β-受体阻滞剂
索他洛尔,乙,非选择性β-受体阻滞剂
阿替洛尔,甲,选择性β-受体阻滞剂
比索洛尔,甲,选择性β-受体阻滞剂
美托洛尔,甲,选择性β-受体阻滞剂
艾司洛尔,乙,选择性β-受体阻滞剂
盐酸艾司洛尔氯化钠,乙,选择性β-受体阻滞剂
阿罗洛尔,乙,α和β-受体阻滞剂
卡维地洛,乙,α和β-受体阻滞剂
拉贝洛尔,乙,α和β-受体阻滞剂
比索洛尔氨氯地平,乙,其他β-受体阻滞剂复方制剂
氨氯地平,甲,主要作用于血管的选择性钙通道阻滞剂
尼莫地平,甲,主要作用于血管的选择性钙通道阻滞剂
尼群地平,甲,主要作用于血管的选择性钙通道阻滞剂
硝苯地平,甲,主要作用于血管的选择性钙通道阻滞剂
硝苯地平Ⅱ,甲,主要作用于血管的选择性钙通道阻滞剂
非洛地平,甲,主要作用于血管的选择性钙通道阻滞剂
氨氯地平阿托伐他汀,乙,主要作用于血管的选择性钙通道阻滞剂
贝尼地平,乙,主要作用于血管的选择性钙通道阻滞剂
拉西地平,乙,主要作用于血管的选择性钙通道阻滞剂
乐卡地平,乙,主要作用于血管的选择性钙通道阻滞剂
尼卡地平,乙,主要作用于血管的选择性钙通道阻滞剂
尼莫地平,乙,主要作用于血管的选择性钙通道阻滞剂
尼群洛尔,乙,主要作用于血管的选择性钙通道阻滞剂
西尼地平,乙,主要作用于血管的选择性钙通道阻滞剂
左氨氯地平,乙,主要作用于血管的选择性钙通道阻滞剂
地尔硫,甲,直接作用于心脏的选择性钙通道阻滞剂
维拉帕米,甲,直接作用于心脏的选择性钙通道阻滞剂
地尔硫,乙,直接作用于心脏的选择性钙通道阻滞剂
䓬,乙,直接作用于心脏的选择性钙通道阻滞剂
维拉帕米,乙,直接作用于心脏的选择性钙通道阻滞剂
卡托普利,甲,血管紧张素转换酶抑制剂的单方药
依那普利,甲,血管紧张素转换酶抑制剂的单方药
贝那普利,乙,血管紧张素转换酶抑制剂的单方药
福辛普利,乙,血管紧张素转换酶抑制剂的单方药
赖诺普利,乙,血管紧张素转换酶抑制剂的单方药
雷米普利,乙,血管紧张素转换酶抑制剂的单方药
咪达普利,乙,血管紧张素转换酶抑制剂的单方药
培哚普利,乙,血管紧张素转换酶抑制剂的单方药
氨氯地平贝那普利,乙,血管紧张素转换酶抑制剂的复方制剂
贝那普利氢氯噻嗪,乙,血管紧张素转换酶抑制剂的复方制剂
复方卡托普利,乙,血管紧张素转换酶抑制剂的复方制剂
赖诺普利氢氯噻嗪,乙,血管紧张素转换酶抑制剂的复方制剂
依那普利叶酸,乙,血管紧张素转换酶抑制剂的复方制剂
培哚普利吲达帕胺,乙,血管紧张素转换酶抑制剂的复方制剂
培哚普利氨氯地平Ⅱ,乙,血管紧张素转换酶抑制剂的复方制剂
缬沙坦,甲,血管紧张素Ⅱ拮抗剂的单方药
奥美沙坦酯,乙,血管紧张素Ⅱ拮抗剂的单方药
厄贝沙坦,乙,血管紧张素Ⅱ拮抗剂的单方药
氯沙坦,乙,血管紧张素Ⅱ拮抗剂的单方药
替米沙坦,乙,血管紧张素Ⅱ拮抗剂的单方药
坎地沙坦酯,乙,血管紧张素Ⅱ拮抗剂的单方药
阿齐沙坦,乙,血管紧张素Ⅱ拮抗剂的单方药
奥美沙坦酯氢氯噻嗪,乙,血管紧张素Ⅱ拮抗剂的复方制剂
厄贝沙坦氢氯噻嗪,乙,血管紧张素Ⅱ拮抗剂的复方制剂
氯沙坦氢氯噻嗪,乙,血管紧张素Ⅱ拮抗剂的复方制剂
替米沙坦氢氯噻嗪,乙,血管紧张素Ⅱ拮抗剂的复方制剂
缬沙坦氢氯噻嗪,乙,血管紧张素Ⅱ拮抗剂的复方制剂
奥美沙坦酯氨氯地平,乙,血管紧张素Ⅱ拮抗剂的复方制剂
替米沙坦氨氯地平,乙,血管紧张素Ⅱ拮抗剂的复方制剂
坎地氢噻,乙,血管紧张素Ⅱ拮抗剂的复方制剂
沙库巴曲缬沙坦钠,乙,血管紧张素Ⅱ拮抗剂的复方制剂
辛伐他汀,甲,HMG-CoA还原酶抑制剂
阿托伐他汀,乙,HMG-CoA还原酶抑制剂
氟伐他汀,乙,HMG-CoA还原酶抑制剂
洛伐他汀,乙,HMG-CoA还原酶抑制剂
匹伐他汀,乙,HMG-CoA还原酶抑制剂
普伐他汀,乙,HMG-CoA还原酶抑制剂
瑞舒伐他汀,乙,HMG-CoA还原酶抑制剂
苯扎贝特,乙,贝特类
非诺贝特Ⅱ,乙,贝特类
吉非罗齐,乙,贝特类
阿昔莫司,乙,其他调节血脂药
普罗布考,乙,其他调节血脂药
依折麦布,乙,其他调节血脂药
克霉唑,甲,皮肤用抗真菌药
咪康唑,甲,皮肤用抗真菌药
水杨酸,甲,皮肤用抗真菌药
阿莫罗芬,乙,皮肤用抗真菌药
布替萘芬,乙,皮肤用抗真菌药
二硫化硒,乙,皮肤用抗真菌药
复方土槿皮,乙,皮肤用抗真菌药
环吡酮胺,乙,皮肤用抗真菌药
联苯苄唑,乙,皮肤用抗真菌药
曲安奈德益康唑,乙,皮肤用抗真菌药
特比萘芬,乙,皮肤用抗真菌药
酮康唑,乙,皮肤用抗真菌药
益康唑,乙,皮肤用抗真菌药
尿素,甲,润肤剂和保护剂类
复方水杨酸,乙,润肤剂和保护剂类
氧化锌,乙,润肤剂和保护剂类
重组人碱性成纤维细胞生长因子,乙,治疗伤口和溃疡药
重组人酸性成纤维细胞生长因子,乙,治疗伤口和溃疡药
阿维A,乙,治疗银屑病药
地蒽酚,乙,治疗银屑病药
甲氧沙林,乙,治疗银屑病药
卡泊三醇,乙,治疗银屑病药
卡泊三醇倍他米松,乙,治疗银屑病药
他扎罗汀,乙,治疗银屑病药
他卡西醇,乙,治疗银屑病药
他扎罗汀倍他米松,乙,治疗银屑病药
阿昔洛韦,甲,皮肤病用抗生素和化疗药物
磺胺嘧啶银,甲,皮肤病用抗生素和化疗药物
环丙沙星,甲,皮肤病用抗生素和化疗药物
阿昔洛韦,乙,皮肤病用抗生素和化疗药物
夫西地酸,乙,皮肤病用抗生素和化疗药物
氟尿嘧啶,乙,皮肤病用抗生素和化疗药物
复方多粘菌素B,乙,皮肤病用抗生素和化疗药物
复方磺胺嘧啶锌,乙,皮肤病用抗生素和化疗药物
鬼臼毒素,乙,皮肤病用抗生素和化疗药物
磺胺嘧啶锌,乙,皮肤病用抗生素和化疗药物
环丙沙星,乙,皮肤病用抗生素和化疗药物
金霉素,乙,皮肤病用抗生素和化疗药物
莫匹罗星,乙,皮肤病用抗生素和化疗药物
诺氟沙星,乙,皮肤病用抗生素和化疗药物
喷昔洛韦,乙,皮肤病用抗生素和化疗药物
四环素,乙,皮肤病用抗生素和化疗药物
新霉素,乙,皮肤病用抗生素和化疗药物
氢化可的松,甲,皮科用皮质激素类
倍氯米松,乙,皮科用皮质激素类
氯倍他索,乙,皮科用皮质激素类
地奈德,乙,皮科用皮质激素类
地塞米松,乙,皮科用皮质激素类
丁酸氢化可的松,乙,皮科用皮质激素类
哈西奈德,乙,皮科用皮质激素类
糠酸莫米松,乙,皮科用皮质激素类
卤米松,乙,皮科用皮质激素类
卤米松/三氯生,乙,皮科用皮质激素类
曲安奈德,乙,皮科用皮质激素类
氟替卡松,乙,皮科用皮质激素类
高锰酸钾,乙,抗菌剂和消毒剂
过氧化氢,乙,抗菌剂和消毒剂
硼酸,乙,抗菌剂和消毒剂
依沙吖啶,乙,抗菌剂和消毒剂
红霉素,甲,抗痤疮制剂
维A酸,甲,抗痤疮制剂
阿达帕林,乙,抗痤疮制剂
过氧苯甲酰,乙,抗痤疮制剂
克林霉素,乙,抗痤疮制剂
硫,乙,抗痤疮制剂
异维A酸,乙,抗痤疮制剂
炉甘石,甲,其他皮科制剂
鱼石脂,甲,其他皮科制剂
吡美莫司,乙,其他皮科制剂
多塞平,乙,其他皮科制剂
氢醌,乙,其他皮科制剂
他克莫司,乙,其他皮科制剂
甲硝唑 阴道泡腾,甲,妇科抗感染药和抗菌剂
甲硝唑,甲,妇科抗感染药和抗菌剂
克霉唑 阴道,甲,妇科抗感染药和抗菌剂
克霉唑,甲,妇科抗感染药和抗菌剂
克霉唑阴道,甲,妇科抗感染药和抗菌剂
咪康唑,甲,妇科抗感染药和抗菌剂
咪康唑 阴道,甲,妇科抗感染药和抗菌剂
咪康唑 阴道泡腾,甲,妇科抗感染药和抗菌剂
咪康唑 阴道软,甲,妇科抗感染药和抗菌剂
制霉素 阴道泡腾,甲,妇科抗感染药和抗菌剂
制霉素,甲,妇科抗感染药和抗菌剂
复方莪术油,乙,妇科抗感染药和抗菌剂
甲硝唑,乙,妇科抗感染药和抗菌剂
聚甲酚磺醛,乙,妇科抗感染药和抗菌剂
替硝唑 阴道泡腾,乙,妇科抗感染药和抗菌剂
替硝唑,乙,妇科抗感染药和抗菌剂
硝呋太尔,乙,妇科抗感染药和抗菌剂
硝呋太尔 阴道,乙,妇科抗感染药和抗菌剂
硝呋太尔制霉素 阴道软,乙,妇科抗感染药和抗菌剂
硝呋太尔-制霉菌素,乙,妇科抗感染药和抗菌剂
硝呋太尔制霉菌素阴道软,乙,妇科抗感染药和抗菌剂
氯喹那多普罗雌烯 阴道,乙,妇科抗感染药和抗菌剂
酮康唑,乙,妇科抗感染药和抗菌剂
麦角新碱,甲,催产药
米索前列醇,甲,催产药
依沙吖啶,甲,催产药
地诺前列酮,乙,催产药
卡前列甲酯,乙,催产药
卡前列素氨丁三醇,乙,催产药
利托君,乙,其他妇科药
乳酸菌 阴道,乙,其他妇科药
乳杆菌活菌 阴道,乙,其他妇科药
溴隐亭,乙,其他妇科药
阿托西班,乙,其他妇科药
丙酸睾酮,甲,全身用激素类避孕药
十一酸睾酮,乙,全身用激素类避孕药
己烯雌酚,甲,雌激素类
炔雌醇,甲,雌激素类
苯甲酸雌二醇,乙,雌激素类
雌二醇,乙,雌激素类
结合雌激素,乙,雌激素类
尼尔雌醇,乙,雌激素类
普罗雌烯 阴道,乙,雌激素类
普罗雌烯 阴道软,乙,雌激素类
普罗雌烯,乙,雌激素类
替勃龙,乙,雌激素类
戊酸雌二醇,乙,雌激素类
黄体酮,甲,孕激素类
甲地孕酮,甲,孕激素类
甲羟孕酮,甲,孕激素类
地屈孕酮,乙,孕激素类
黄体酮,乙,孕激素类
甲羟孕酮,乙,孕激素类
炔诺酮,乙,孕激素类
烯丙雌醇,乙,孕激素类
地诺孕素,乙,孕激素类
炔雌醇环丙孕酮,乙,雄激素和雌性激素的复方制剂
雌二醇/雌二醇地屈孕酮,乙,孕激素和雌激素的复方制剂
戊酸雌二醇/雌二醇环丙孕酮,乙,孕激素和雌激素的复方制剂
绒促性素,甲,促性腺激素和其他促排卵药
氯米芬,乙,促性腺激素和其他促排卵药
尿促性素,乙,促性腺激素和其他促排卵药
达那唑,乙,其他性激素和生殖系统调节药
雷洛昔芬,乙,其他性激素和生殖系统调节药
孕三烯酮,乙,其他性激素和生殖系统调节药
黄酮哌酯,甲,泌尿系统药
奥昔布宁,乙,泌尿系统药
包醛氧淀,乙,泌尿系统药
非那吡啶,乙,泌尿系统药
聚苯乙烯磺酸,乙,泌尿系统药
托特罗定,乙,泌尿系统药
左卡尼汀,乙,泌尿系统药
索利那新,乙,泌尿系统药
米拉贝隆,乙,泌尿系统药
特拉唑嗪,甲,良性前列腺肥大用药
阿夫唑嗪,乙,良性前列腺肥大用药
爱普列特,乙,良性前列腺肥大用药
非那雄胺,乙,良性前列腺肥大用药
普适泰,乙,良性前列腺肥大用药
赛洛多辛,乙,良性前列腺肥大用药
坦洛新,乙,良性前列腺肥大用药
促皮质素,甲,垂体前叶激素和类似物
人生长激素,乙,垂体前叶激素和类似物
垂体后叶,甲,垂体后叶激素类
去氨加压素,甲,垂体后叶激素类
缩宫素,甲,垂体后叶激素类
卡贝缩宫素,乙,垂体后叶激素类
去氨加压素,乙,垂体后叶激素类
鞣酸加压素,乙,垂体后叶激素类
缩宫素,乙,垂体后叶激素类
奥曲肽,乙,下丘脑激素
生长抑素,乙,下丘脑激素
地塞米松,甲,全身用皮质激素类
地塞米松棕榈酸酯,甲,全身用皮质激素类
地塞米松磷酸钠,甲,全身用皮质激素类
泼尼松,甲,全身用皮质激素类
氢化可的松,甲,全身用皮质激素类
甲泼尼龙,甲,全身用皮质激素类
倍他米松,乙,全身用皮质激素类
复方倍他米松,乙,全身用皮质激素类
甲泼尼龙,乙,全身用皮质激素类
可的松,乙,全身用皮质激素类
泼尼松龙,乙,全身用皮质激素类
曲安奈德,乙,全身用皮质激素类
曲安西龙,乙,全身用皮质激素类
甲状腺,甲,甲状腺制剂
左甲状腺素,甲,甲状腺制剂
丙硫氧嘧啶,甲,抗甲状腺制剂
甲巯咪唑,甲,抗甲状腺制剂
高血糖素,乙,胰腺激素类
人高血糖素,乙,胰腺激素类
鲑降钙素,乙,钙稳态药
帕立骨化醇,乙,钙稳态药
西那卡塞,乙,钙稳态药
依降钙素,乙,钙稳态药
多西环素,甲,四环素类
多西环素,乙,四环素类
米诺环素,乙,四环素类
替加环素,乙,四环素类
氯霉素,甲,氯霉素类
阿莫西林,甲,广谱青霉素类
氨苄西林,甲,广谱青霉素类
哌拉西林,甲,广谱青霉素类
阿洛西林,乙,广谱青霉素类
美洛西林,乙,广谱青霉素类
苄星青霉素,甲,对β-内酰胺酶敏感的青霉素
青霉素,甲,对β-内酰胺酶敏感的青霉素
青霉素V,甲,对β-内酰胺酶敏感的青霉素
普鲁卡因青霉素,乙,对β-内酰胺酶敏感的青霉素
苯唑西林,甲,对β-内酰胺酶耐受的青霉素
氯唑西林,甲,对β-内酰胺酶耐受的青霉素
舒巴坦,乙,β-内酰胺酶抑制剂
阿莫西林克拉维酸,甲,青霉素类复方制剂，含β-内酰胺酶抑制剂
阿莫西林克拉维酸,乙,青霉素类复方制剂，含β-内酰胺酶抑制剂
氨苄西林舒巴坦,乙,青霉素类复方制剂，含β-内酰胺酶抑制剂
哌拉西林舒巴坦,乙,青霉素类复方制剂，含β-内酰胺酶抑制剂
哌拉西林他唑巴坦,乙,青霉素类复方制剂，含β-内酰胺酶抑制剂
替卡西林克拉维酸,乙,青霉素类复方制剂，含β-内酰胺酶抑制剂
头孢氨苄,甲,第一代头孢菌素
头孢拉定,甲,第一代头孢菌素
头孢唑林,甲,第一代头孢菌素
头孢拉定,乙,第一代头孢菌素
头孢硫脒,乙,第一代头孢菌素
头孢羟氨苄,乙,第一代头孢菌素
头孢呋辛,甲,第二代头孢菌素
头孢呋辛酯,甲,第二代头孢菌素
头孢丙烯,乙,第二代头孢菌素
头孢呋辛酯,乙,第二代头孢菌素
头孢克洛,乙,第二代头孢菌素
头孢替安,乙,第二代头孢菌素
头孢美唑,乙,第二代头孢菌素
头孢西丁,乙,第二代头孢菌素
头孢米诺,乙,第二代头孢菌素
头孢曲松,甲,第三代头孢菌素
头孢噻肟,甲,第三代头孢菌素
拉氧头孢,乙,第三代头孢菌素
头孢地尼,乙,第三代头孢菌素
头孢克肟,乙,第三代头孢菌素
头孢哌酮舒巴坦,乙,第三代头孢菌素
头孢他啶,乙,第三代头孢菌素
头孢唑肟,乙,第三代头孢菌素
头孢吡肟,乙,第四代头孢菌素
头孢匹罗,乙,第四代头孢菌素
氨曲南,乙,单酰胺类
厄他培南,乙,碳青霉烯类
比阿培南,乙,碳青霉烯类
美罗培南,乙,碳青霉烯类
亚胺培南西司他丁,乙,碳青霉烯类
法罗培南,乙,其他头孢菌素类和青霉烯
小儿法罗培南钠,乙,其他头孢菌素类和青霉烯
甲氧苄啶,乙,甲氧苄啶及其衍生物
磺胺嘧啶,甲,中效磺胺类
磺胺嘧啶,乙,中效磺胺类
磺胺多辛,乙,长效磺胺类药
复方磺胺甲噁唑,甲,包括磺胺衍生物的磺胺类与甲氧苄啶的复方制剂
小儿复方磺胺甲噁唑,甲,包括磺胺衍生物的磺胺类与甲氧苄啶的复方制剂
复方磺胺甲噁唑,乙,包括磺胺衍生物的磺胺类与甲氧苄啶的复方制剂
联磺甲氧苄啶,乙,包括磺胺衍生物的磺胺类与甲氧苄啶的复方制剂
小儿复方磺胺甲噁唑,乙,包括磺胺衍生物的磺胺类与甲氧苄啶的复方制剂
阿奇霉素,甲,大环内酯类
红霉素,甲,大环内酯类
阿奇霉素,乙,大环内酯类
琥乙红霉素,乙,大环内酯类
环酯红霉素,乙,大环内酯类
克拉霉素,乙,大环内酯类
罗红霉素,乙,大环内酯类
克林霉素,甲,林可胺类
克林霉素磷酸酯,甲,林可胺类
克林霉素棕榈酸酯,甲,林可胺类
林可霉素,甲,林可胺类
克林霉素棕榈酸酯,乙,林可胺类
林可霉素,乙,林可胺类
链霉素,甲,链霉素类
阿米卡星,甲,其他氨基糖苷类
庆大霉素,甲,其他氨基糖苷类
奈替米星,乙,其他氨基糖苷类
庆大霉素,乙,其他氨基糖苷类
妥布霉素,乙,其他氨基糖苷类
依替米星,乙,其他氨基糖苷类
异帕米星,乙,其他氨基糖苷类
环丙沙星,甲,氟喹诺酮类
诺氟沙星,甲,氟喹诺酮类
左氧氟沙星,甲,氟喹诺酮类
环丙沙星葡萄糖,乙,氟喹诺酮类
环丙沙星氯化钠,乙,氟喹诺酮类
吉米沙星,乙,氟喹诺酮类
莫西沙星,乙,氟喹诺酮类
莫西沙星氯化钠,乙,氟喹诺酮类
左氧氟沙星葡萄糖,乙,氟喹诺酮类
左氧氟沙星氯化钠,乙,氟喹诺酮类
吡哌酸,甲,其他喹诺酮类药
西他沙星,乙,其他喹诺酮类药
苹果酸奈诺沙星,乙,其他喹诺酮类药
去甲万古霉素,乙,糖肽类抗菌药
替考拉宁,乙,糖肽类抗菌药
万古霉素,乙,糖肽类抗菌药
多粘菌素B,乙,多黏菌素类
夫西地酸,乙,甾类抗菌药
甲硝唑,甲,咪唑衍生物
替硝唑,甲,咪唑衍生物
奥硝唑,乙,咪唑衍生物
奥硝唑氯化钠,乙,咪唑衍生物
奥硝唑葡萄糖,乙,咪唑衍生物
甲硝唑氯化钠,乙,咪唑衍生物
甲硝唑葡萄糖,乙,咪唑衍生物
替硝唑,乙,咪唑衍生物
替硝唑氯化钠,乙,咪唑衍生物
替硝唑葡萄糖,乙,咪唑衍生物
左奥硝唑氯化钠,乙,咪唑衍生物
吗啉硝唑氯化钠,乙,咪唑衍生物
呋喃妥因,甲,硝基呋喃衍生物
呋喃唑酮,甲,硝基呋喃衍生物
磷霉素,甲,其他抗菌药
鱼腥草素,甲,其他抗菌药
达托霉素,乙,其他抗菌药
大观霉素,乙,其他抗菌药
大蒜素,乙,其他抗菌药
硫酸黏菌素,乙,其他抗菌药
利奈唑胺,乙,其他抗菌药
利奈唑胺葡萄糖,乙,其他抗菌药
磷霉素,乙,其他抗菌药
磷霉素氨丁三醇,乙,其他抗菌药
黏菌素,乙,其他抗菌药
青霉素皮试剂,乙,其他抗菌药
两性霉素B,甲,抗生素类
两性霉素B 脂质体,乙,抗生素类
氟康唑,甲,三唑类衍生物
伏立康唑,乙,三唑类衍生物
氟康唑,乙,三唑类衍生物
氟康唑氯化钠,乙,三唑类衍生物
氟康唑葡萄糖,乙,三唑类衍生物
伊曲康唑,乙,三唑类衍生物
泊沙康唑,乙,三唑类衍生物
泊沙康唑肠溶,乙,三唑类衍生物
制霉素,甲,其他全身用抗真菌药
氟胞嘧啶,乙,其他全身用抗真菌药
卡泊芬净,乙,其他全身用抗真菌药
米卡芬净,乙,其他全身用抗真菌药
对氨基水杨酸钠,甲,氨基水杨酸及其衍生物
利福喷丁,甲,抗生素类
利福平,甲,抗生素类
环丝氨酸,乙,抗生素类
卷曲霉素,乙,抗生素类
利福布汀,乙,抗生素类
利福霉素,乙,抗生素类
异烟肼,甲,酰肼类
帕司烟肼,乙,酰肼类
丙硫异烟胺,乙,硫脲衍生物
吡嗪酰胺,甲,其他治疗结核病药
乙胺丁醇,甲,其他治疗结核病药
富马酸贝达喹啉,乙,其他治疗结核病药
德拉马尼,乙,其他治疗结核病药
胺吡嗪利福异烟,乙,治疗结核病的复方制剂
胺吡嗪利福异烟Ⅱ,乙,治疗结核病的复方制剂
乙胺利福异烟,乙,治疗结核病的复方制剂
异福,乙,治疗结核病的复方制剂
异福酰胺,乙,治疗结核病的复方制剂
氨苯砜,甲,治疗麻风病药
氯法齐明,乙,治疗麻风病药
阿昔洛韦,甲,核苷和核苷酸类，逆转录酶抑制剂除外
利巴韦林,甲,核苷和核苷酸类，逆转录酶抑制剂除外
利巴韦林,乙,核苷和核苷酸类，逆转录酶抑制剂除外
阿昔洛韦,乙,核苷和核苷酸类，逆转录酶抑制剂除外
伐昔洛韦,乙,核苷和核苷酸类，逆转录酶抑制剂除外
泛昔洛韦,乙,核苷和核苷酸类，逆转录酶抑制剂除外
更昔洛韦,乙,核苷和核苷酸类，逆转录酶抑制剂除外
金刚乙胺,乙,环胺类
膦甲酸钠,乙,膦酸衍生物
膦甲酸钠氯化钠,乙,膦酸衍生物
膦甲酸钠葡萄糖,乙,膦酸衍生物
阿德福韦酯,乙,核苷及核苷酸逆转录酶抑制剂
恩曲他滨,乙,核苷及核苷酸逆转录酶抑制剂
恩曲他滨替诺福韦,乙,核苷及核苷酸逆转录酶抑制剂
恩替卡韦,乙,核苷及核苷酸逆转录酶抑制剂
拉米夫定,乙,核苷及核苷酸逆转录酶抑制剂
齐多夫定,乙,核苷及核苷酸逆转录酶抑制剂
替比夫定,乙,核苷及核苷酸逆转录酶抑制剂
替诺福韦二吡呋酯,乙,核苷及核苷酸逆转录酶抑制剂
丙酚替诺福韦,乙,核苷及核苷酸逆转录酶抑制剂
利匹韦林,乙,非核苷逆转录酶抑制剂
奥司他韦,乙,神经氨酶抑制剂
磷酸奥司他韦干混悬剂,乙,神经氨酶抑制剂
帕拉米韦氯化钠,乙,神经氨酶抑制剂
抗艾滋病用药,甲,艾滋病毒感染的抗病毒药物
齐多拉米双夫定,乙,艾滋病毒感染的抗病毒药物
洛匹那韦利托那韦,乙,艾滋病毒感染的抗病毒药物
奈韦拉平齐多拉米双夫定,乙,艾滋病毒感染的抗病毒药物
阿比多尔,乙,其他抗病毒药
来特莫韦,乙,其他抗病毒药
重组细胞因子基因衍生蛋白,乙,其他抗病毒药
液法维拉韦,乙,其他抗病毒药
玛巴洛沙韦,乙,其他抗病毒药
白喉抗毒素,甲,免疫血清
多价气性坏疽抗毒素,甲,免疫血清
抗狂犬病血清,甲,免疫血清
抗蝮蛇毒血清,甲,免疫血清
抗五步蛇毒血清,甲,免疫血清
抗眼镜蛇毒血清,甲,免疫血清
抗银环蛇毒血清,甲,免疫血清
破伤风抗毒素,甲,免疫血清
肉毒抗毒素,甲,免疫血清
A型肉毒毒素,乙,免疫血清
静注人免疫球蛋白,乙,普通人免疫球蛋白
人免疫球蛋白,乙,普通人免疫球蛋白
破伤风人免疫球蛋白,乙,特异性免疫球蛋白
马破伤风免疫球蛋白,乙,特异性免疫球蛋白
人狂犬病免疫球蛋白,乙,特异性免疫球蛋白
抗炭疽血清,甲,疫苗类
人用狂犬病疫苗,乙,疫苗类
氮芥,甲,氮芥类似物
环磷酰胺,甲,氮芥类似物
苯丁酸氮芥,乙,氮芥类似物
美法仑,乙,氮芥类似物
硝卡芥,乙,氮芥类似物
异环磷酰胺,乙,氮芥类似物
苯达莫司汀,乙,氮芥类似物
白消安,甲,烷基磺酸盐
白消安,乙,烷基磺酸盐
司莫司汀,甲,亚硝基脲类
福莫司汀,乙,亚硝基脲类
卡莫司汀,乙,亚硝基脲类
洛莫司汀,乙,亚硝基脲类
尼莫司汀,乙,亚硝基脲类
塞替派,甲,其他烷化剂
达卡巴嗪,乙,其他烷化剂
替莫唑胺,乙,其他烷化剂
甲氨蝶呤,甲,叶酸类似物
培美曲塞,乙,叶酸类似物
雷替曲塞,乙,叶酸类似物
巯嘌呤,甲,嘌呤类似物
氟达拉滨,乙,嘌呤类似物
硫鸟嘌呤,乙,嘌呤类似物
阿糖胞苷,甲,嘧啶类似物
氟尿嘧啶,甲,嘧啶类似物
地西他滨,乙,嘧啶类似物
氟尿嘧啶氯化钠,乙,嘧啶类似物
氟尿嘧啶葡萄糖,乙,嘧啶类似物
吉西他滨,乙,嘧啶类似物
卡莫氟,乙,嘧啶类似物
卡培他滨,乙,嘧啶类似物
去氧氟尿苷,乙,嘧啶类似物
替吉奥,乙,嘧啶类似物
替加氟,乙,嘧啶类似物
替加氟氯化钠,乙,嘧啶类似物
阿扎胞苷,乙,嘧啶类似物
长春新碱,甲,长春花生物碱类及其类似药
长春地辛,乙,长春花生物碱类及其类似药
长春瑞滨,乙,长春花生物碱类及其类似药
依托泊苷,甲,鬼臼毒素衍生物
替尼泊苷,乙,鬼臼毒素衍生物
托泊替康,乙,鬼臼毒素衍生物
伊立替康,乙,鬼臼毒素衍生物
依托泊苷,乙,鬼臼毒素衍生物
紫杉醇,甲,紫杉烷类
多西他赛,乙,紫杉烷类
紫杉醇,乙,紫杉烷类
高三尖杉酯碱,甲,其它植物生物碱及天然药物
羟喜树碱,甲,其它植物生物碱及天然药物
斑蝥酸钠维生素B6,乙,其它植物生物碱及天然药物
高三尖杉酯碱氯化钠,乙,其它植物生物碱及天然药物
榄香烯,乙,其它植物生物碱及天然药物
羟基喜树碱氯化钠,乙,其它植物生物碱及天然药物
三尖杉酯碱,乙,其它植物生物碱及天然药物
放线菌素D,甲,放线菌素类
多柔比星,甲,蒽环类及相关药物
柔红霉素,甲,蒽环类及相关药物
阿柔比星,乙,蒽环类及相关药物
吡柔比星,乙,蒽环类及相关药物
表柔比星,乙,蒽环类及相关药物
米托蒽醌,乙,蒽环类及相关药物
米托蒽醌葡萄糖,乙,蒽环类及相关药物
米托蒽醌氯化钠,乙,蒽环类及相关药物
伊达比星,乙,蒽环类及相关药物
平阳霉素,甲,其他细胞毒类抗生素
丝裂霉素,甲,其他细胞毒类抗生素
博来霉素,乙,其他细胞毒类抗生素
伊马替尼,乙,BCR-ABL酪氨酸激酶抑制剂
达沙替尼,乙,BCR-ABL酪氨酸激酶抑制剂
尼洛替尼,乙,BCR-ABL酪氨酸激酶抑制剂
吉非替尼,乙,表皮生长因子受体(EGFR)酪氨酸激酶抑制剂
阿法替尼,乙,表皮生长因子受体(EGFR)酪氨酸激酶抑制剂
厄洛替尼,乙,表皮生长因子受体(EGFR)酪氨酸激酶抑制剂
达可替尼,乙,表皮生长因子受体(EGFR)酪氨酸激酶抑制剂
甲磺酸奥希替尼,乙,表皮生长因子受体(EGFR)酪氨酸激酶抑制剂
塞瑞替尼,乙,间变性淋巴瘤激酶(ALK)抑制剂
克唑替尼,乙,间变性淋巴瘤激酶(ALK)抑制剂
哌柏西利,乙,细胞周期蛋白依赖性激酶(CDK)抑制剂
马来酸奈拉替尼,乙,人表皮生长因子受体2(HER2)酪氨酸激酶抑制剂
阿昔替尼,乙,血管内皮生长因子受体(VEGFR)酪氨酸激酶抑制剂
伊布替尼,乙,Bruton酪氨酸激酶(BTK)抑制剂
舒尼替尼,乙,其它蛋白激酶抑制剂
索拉非尼,乙,其它蛋白激酶抑制剂
培唑帕尼,乙,其它蛋白激酶抑制剂
甲磺酸仑伐替尼,乙,其它蛋白激酶抑制剂
瑞戈非尼,乙,其它蛋白激酶抑制剂
利妥昔单抗,乙,单克隆抗体和抗体药物偶联物
曲妥珠单抗,乙,单克隆抗体和抗体药物偶联物
贝伐珠单抗,乙,单克隆抗体和抗体药物偶联物
帕妥珠单抗,乙,单克隆抗体和抗体药物偶联物
卡铂,甲,铂化合物
顺铂,甲,铂化合物
奥沙利铂,乙,铂化合物
洛铂,乙,铂化合物
奈达铂,乙,铂化合物
顺铂氯化钠,乙,铂化合物
奥沙利铂甘露醇,乙,铂化合物
硼替佐米,乙,蛋白酶体抑制剂
门冬酰胺酶,甲,其他抗肿瘤药
羟基脲,甲,其他抗肿瘤药
维A酸,甲,其他抗肿瘤药
安吖啶,乙,其他抗肿瘤药
雌莫司汀,乙,其他抗肿瘤药
甘氨双唑钠,乙,其他抗肿瘤药
六甲蜜胺,乙,其他抗肿瘤药
亚砷酸,乙,其他抗肿瘤药
亚砷酸氯化钠,乙,其他抗肿瘤药
枸橼酸伊沙佐米,乙,其他抗肿瘤药
培门冬酶,乙,其他抗肿瘤药
奥拉帕利,乙,其他抗肿瘤药
甲磺酸艾立布林,乙,其他抗肿瘤药
丙氨瑞林,乙,激素类及相关药物
戈那瑞林,乙,激素类及相关药物
亮丙瑞林 微球,乙,激素类及相关药物
亮丙瑞林,乙,激素类及相关药物
曲普瑞林 剂,乙,激素类及相关药物
他莫昔芬,甲,激素拮抗剂及相关药物
阿那曲唑,乙,激素拮抗剂及相关药物
比卡鲁胺,乙,激素拮抗剂及相关药物
氟他胺,乙,激素拮抗剂及相关药物
来曲唑,乙,激素拮抗剂及相关药物
托瑞米芬,乙,激素拮抗剂及相关药物
依西美坦,乙,激素拮抗剂及相关药物
阿比特龙,乙,激素拮抗剂及相关药物
氟维司群,乙,激素拮抗剂及相关药物
恩扎卢胺软,乙,激素拮抗剂及相关药物
二醇化重组人粒细胞刺激因子),乙,集落刺激因子
重组人粒细胞刺激因子(CHO细,乙,集落刺激因子
聚乙二醇干扰素α-2a,乙,干扰素类
聚乙二醇干扰素α-2b,乙,干扰素类
人干扰素α1b(重组人干扰素α-,乙,干扰素类
人b干) 扰素α2a(重组人干扰素α-,乙,干扰素类
人干扰素α2b(重组人干扰素α-,乙,干扰素类
人白介素-11,乙,白介素类
重组人白介素-11,乙,白介素类
人白介素-2,乙,白介素类
人白介素-2[重组人白介素-,乙,白介素类
重组人白介素-2,乙,白介素类
肌苷,甲,其他免疫增强剂
氨肽素,乙,其他免疫增强剂
草分枝杆菌F.U.36,乙,其他免疫增强剂
鲨肝醇,乙,其他免疫增强剂
腺嘌呤,乙,其他免疫增强剂
胸腺法新,乙,其他免疫增强剂
吗替麦考酚酯,乙,选择性免疫抑制剂
麦考酚钠,乙,选择性免疫抑制剂
抗人T细胞兔免疫球蛋白,乙,选择性免疫抑制剂
兔抗人胸腺细胞免疫球蛋白,乙,选择性免疫抑制剂
抗人T细胞猪免疫球蛋白,乙,选择性免疫抑制剂
阿普米司特,乙,选择性免疫抑制剂
戈利木单抗,乙,肿瘤坏死因子α(TNF-α)抑制剂
阿达木单抗,乙,肿瘤坏死因子α(TNF-α)抑制剂
巴利昔单抗,乙,白介素抑制剂
托珠单抗,乙,白介素抑制剂
环孢素,甲,钙调磷酸酶抑制剂
他克莫司,乙,钙调磷酸酶抑制剂
西尼莫德,乙,鞘氨醇-1-磷酸(S1P)受体调节剂
盐酸芬戈莫德,乙,鞘氨醇-1-磷酸(S1P)受体调节剂
巴瑞替尼,乙,Janus相关激酶（JAK）抑制剂
氨蝶呤联合用药。,甲,Janus相关激酶（JAK）抑制剂
托法替布,乙,Janus相关激酶（JAK）抑制剂
枸橼酸托法替布,乙,Janus相关激酶（JAK）抑制剂
西罗莫司,乙,哺乳动物雷帕霉素靶蛋白(mTOR)激酶抑制剂
依维莫司,乙,哺乳动物雷帕霉素靶蛋白(mTOR)激酶抑制剂
来氟米特,乙,二氢乳清酸脱氢酶(DHODH)抑制剂
特立氟胺,乙,二氢乳清酸脱氢酶(DHODH)抑制剂
甲氨蝶呤,甲,其他免疫抑制剂
硫唑嘌呤,甲,其他免疫抑制剂
吡非尼酮,乙,其他免疫抑制剂
咪唑立宾,乙,其他免疫抑制剂
沙利度胺,乙,其他免疫抑制剂
来那度胺,乙,其他免疫抑制剂
富马酸二甲酯肠溶,乙,其他免疫抑制剂
泊马度胺,乙,其他免疫抑制剂
乙磺酸尼达尼布软,乙,其他免疫抑制剂
双氯芬酸,甲,醋酸衍生物及相关药物
双氯芬酸Ⅲ,甲,醋酸衍生物及相关药物
吲哚美辛,甲,醋酸衍生物及相关药物
双氯芬酸 双释放肠溶胶,乙,醋酸衍生物及相关药物
双氯芬酸 囊肠溶,乙,醋酸衍生物及相关药物
氨糖美辛,乙,醋酸衍生物及相关药物
醋氯芬酸,乙,醋酸衍生物及相关药物
舒林酸,乙,醋酸衍生物及相关药物
酮咯酸氨丁三醇,乙,醋酸衍生物及相关药物
吲哚美辛,乙,醋酸衍生物及相关药物
吡罗昔康,乙,昔康类
氯诺昔康,乙,昔康类
美洛昔康,乙,昔康类
布洛芬,甲,丙酸衍生物
小儿布洛芬,甲,丙酸衍生物
布洛芬,乙,丙酸衍生物
氟比洛芬 贴膏剂,乙,丙酸衍生物
氟比洛芬 巴布膏剂,乙,丙酸衍生物
氟比洛芬,乙,丙酸衍生物
氟比洛芬酯,乙,丙酸衍生物
精氨酸布洛芬,乙,丙酸衍生物
洛索洛芬,乙,丙酸衍生物
洛索洛芬 贴膏剂,乙,丙酸衍生物
萘普生,乙,丙酸衍生物
右旋布洛芬,乙,丙酸衍生物
艾瑞昔布,乙,昔布类
帕瑞昔布,乙,昔布类
塞来昔布,乙,昔布类
依托考昔,乙,昔布类
萘丁美酮,甲,其他非甾体类抗炎和抗风湿药
尼美舒利,甲,其他非甾体类抗炎和抗风湿药
艾拉莫德,乙,其他非甾体类抗炎和抗风湿药
氨基葡萄糖,乙,其他非甾体类抗炎和抗风湿药
白芍总苷,乙,其他非甾体类抗炎和抗风湿药
草乌甲素,乙,其他非甾体类抗炎和抗风湿药
青霉胺,甲,特异性抗风湿药
汉防己甲素,乙,关节和肌肉痛局部用药
双氯芬酸二乙胺,乙,关节和肌肉痛局部用药
樟脑,乙,关节和肌肉痛局部用药
樟脑 醑剂,乙,关节和肌肉痛局部用药
阿曲库铵,甲,肌肉松弛药
氯化琥珀胆碱,甲,肌肉松弛药
维库溴铵,甲,肌肉松弛药
巴氯芬,乙,肌肉松弛药
苯磺顺阿曲库铵,乙,肌肉松弛药
复方氯唑沙宗,乙,肌肉松弛药
氯唑氨酚分散,乙,肌肉松弛药
罗库溴铵,乙,肌肉松弛药
米库氯铵,乙,肌肉松弛药
哌库溴铵,乙,肌肉松弛药
替扎尼定,乙,肌肉松弛药
乙哌立松,乙,肌肉松弛药
别嘌醇,甲,抗痛风药
秋水仙碱,甲,抗痛风药
苯溴马隆,乙,抗痛风药
别嘌醇,乙,抗痛风药
非布司他,乙,抗痛风药
阿仑膦酸,乙,治疗骨病的药物
胆维丁,乙,治疗骨病的药物
利塞膦酸,乙,治疗骨病的药物
氯膦酸二钠,乙,治疗骨病的药物
帕米膦酸二钠,乙,治疗骨病的药物
帕米膦酸二钠葡萄糖,乙,治疗骨病的药物
伊班膦酸,乙,治疗骨病的药物
因卡膦酸二钠,乙,治疗骨病的药物
唑来膦酸,乙,治疗骨病的药物
地舒单抗,乙,其他影响骨结构和矿化的药物
玻璃酸钠,乙,其他肌肉-骨骼系统疾病用药
恩氟烷 液体剂,甲,卤代烃类
地氟烷,乙,卤代烃类
七氟烷,乙,卤代烃类
芬太尼,甲,阿片类麻醉药
瑞芬太尼,乙,阿片类麻醉药
舒芬太尼,乙,阿片类麻醉药
丙泊酚,甲,其他全身麻醉药
氯胺酮,甲,其他全身麻醉药
丙泊酚中/长链脂肪乳,乙,其他全身麻醉药
羟丁酸钠,乙,其他全身麻醉药
氧化亚氮 气体剂型,乙,其他全身麻醉药
依托咪酯,乙,其他全身麻醉药
依托咪酯中/长链脂肪乳,乙,其他全身麻醉药
盐酸艾司氯胺酮,乙,其他全身麻醉药
丁卡因,甲,氨基苯甲酸酯类
丁卡因,乙,氨基苯甲酸酯类
氯普鲁卡因,乙,氨基苯甲酸酯类
布比卡因,甲,酰胺类
复方阿替卡因,乙,酰胺类
利多卡因,乙,酰胺类
胶浆剂,乙,酰胺类
罗哌卡因,乙,酰胺类
左布比卡因,乙,酰胺类
达克罗宁 胶浆剂,乙,其他局部麻醉药
辣椒碱,乙,其他局部麻醉药
吗啡,甲,天然阿片碱
氨酚双氢可待因,乙,天然阿片碱
可待因,乙,天然阿片碱
洛芬待因,乙,天然阿片碱
吗啡,乙,天然阿片碱
纳美芬,乙,天然阿片碱
羟考酮,乙,天然阿片碱
氢吗啡酮,乙,天然阿片碱
双氢可待因,乙,天然阿片碱
哌替啶,甲,苯基哌啶衍生物
芬太尼,乙,苯基哌啶衍生物
布托啡诺,乙,吗啡烷衍生物
纳布啡,乙,吗啡烷衍生物
氨酚曲马多,乙,其他阿片类药
丁丙诺啡 透皮,乙,其他阿片类药
曲马多,乙,其他阿片类药
复方阿司匹林,乙,水杨酸及其衍生物
赖氨匹林,乙,水杨酸及其衍生物
去痛,甲,吡唑啉酮类
安乃近,乙,吡唑啉酮类
米格来宁,乙,吡唑啉酮类
对乙酰氨基酚,甲,酰基苯胺类
小儿对乙酰氨基酚,甲,酰基苯胺类
氨酚羟考酮,乙,酰基苯胺类
对乙酰氨基酚,乙,酰基苯胺类
复方对乙酰氨基酚,乙,酰基苯胺类
罗通定,乙,其他解热镇痛药
普瑞巴林,乙,其他解热镇痛药
利扎曲普坦,乙,选择性5 -羟色胺(5HT1)受体激动剂
舒马普坦,乙,选择性5 -羟色胺(5HT1)受体激动剂
佐米曲普坦,乙,选择性5 -羟色胺(5HT1)受体激动剂
苯巴比妥,甲,巴比妥类及衍生物
扑米酮,乙,巴比妥类及衍生物
苯妥英钠,甲,乙内酰脲类衍生物
氯硝西泮,甲,苯二氮 衍生物
氯硝西泮,乙,苯二氮 衍生物
卡马西平,甲,氨甲酰衍生物
奥卡西平,甲,氨甲酰衍生物
卡马西平,乙,氨甲酰衍生物
奥卡西平,乙,氨甲酰衍生物
丙戊酸钠,甲,脂肪酸衍生物
丙戊酸钠,乙,脂肪酸衍生物
戊酸钠,丙,脂肪酸衍生物
丙戊酸钠Ⅰ,乙,脂肪酸衍生物
戊酸钠Ⅱ,丙,脂肪酸衍生物
丙戊酸镁,乙,脂肪酸衍生物
加巴喷丁,乙,其他抗癫痫药
拉莫三嗪,乙,其他抗癫痫药
托吡酯,乙,其他抗癫痫药
左乙拉西坦,乙,其他抗癫痫药
拉考沙胺,乙,其他抗癫痫药
唑尼沙胺,乙,其他抗癫痫药
吡仑帕奈,乙,其他抗癫痫药
苯海索,甲,抗胆碱能药
多巴丝肼,甲,多巴和其衍生物
左旋多巴,甲,多巴和其衍生物
卡比多巴,乙,多巴和其衍生物
屈昔多巴,乙,多巴和其衍生物
卡左双多巴,乙,多巴和其衍生物
复方卡比多巴,乙,多巴和其衍生物
金刚烷胺,甲,金刚烷衍生物
吡贝地尔,乙,多巴胺激动剂
罗匹尼罗,乙,多巴胺激动剂
普拉克索,乙,多巴胺激动剂
司来吉兰,乙,单胺氧化酶B抑制剂
雷沙吉兰,乙,单胺氧化酶B抑制剂
恩他卡朋,乙,其他多巴胺能药
氯丙嗪,甲,吩噻嗪与脂肪族侧链
奋乃静,甲,吩噻嗪与哌嗪结构
三氟拉嗪,甲,吩噻嗪与哌嗪结构
氟奋乃静,乙,吩噻嗪与哌嗪结构
癸氟奋乃静,乙,吩噻嗪与哌嗪结构
哌泊塞嗪,乙,含哌啶结构的吩噻嗪类
氟哌啶醇,甲,丁酰苯衍生物
氟哌利多,乙,丁酰苯衍生物
齐拉西酮,乙,吲哚衍生物
盐酸鲁拉西酮,乙,吲哚衍生物
氯普噻吨,乙,噻吨衍生物
五氟利多,甲,二苯丁基哌啶衍生物
喹硫平,甲,二氮卓类、去甲羟二氮卓类和硫氮杂卓类
氯氮平,甲,二氮卓类、去甲羟二氮卓类和硫氮杂卓类
奥氮平,乙,二氮卓类、去甲羟二氮卓类和硫氮杂卓类
喹硫平,乙,二氮卓类、去甲羟二氮卓类和硫氮杂卓类
氯氮平 口腔崩解,乙,二氮卓类、去甲羟二氮卓类和硫氮杂卓类
奥氮平 口腔崩解,乙,二氮卓类、去甲羟二氮卓类和硫氮杂卓类
奥氮平口溶膜,乙,二氮卓类、去甲羟二氮卓类和硫氮杂卓类
舒必利,甲,苯甲酰胺类
氨磺必利,乙,苯甲酰胺类
硫必利,乙,苯甲酰胺类
碳酸锂,甲,锂
碳酸锂,乙,锂
阿立哌唑,甲,其他抗精神病药
阿立哌唑 口腔崩解,甲,其他抗精神病药
阿立哌唑口溶膜,乙,其他抗精神病药
利培酮,乙,其他抗精神病药
利培酮 口腔崩解,乙,其他抗精神病药
帕利哌酮,乙,其他抗精神病药
哌罗匹隆,乙,其他抗精神病药
布南色林,乙,其他抗精神病药
阿普唑仑,甲,苯二氮卓衍生物
地西泮,甲,苯二氮卓衍生物
劳拉西泮,甲,苯二氮卓衍生物
奥沙西泮,乙,苯二氮卓衍生物
羟嗪,甲,二苯甲烷衍生物
丁螺环酮,甲,氮杂螺癸烷二酮衍生物
坦度螺酮,乙,氮杂螺癸烷二酮衍生物
司可巴比妥,乙,巴比妥类的单方制剂
异戊巴比妥,乙,巴比妥类的单方制剂
水合氯醛,乙,醛类及其衍生物
艾司唑仑,甲,苯二氮 衍生物
咪达唑仑,甲,苯二氮 衍生物
咪达唑仑,乙,苯二氮 衍生物
硝西泮,乙,苯二氮 衍生物
右佐匹克隆,乙,苯二氮 类相关药物
扎来普隆,乙,苯二氮 类相关药物
佐匹克隆,乙,苯二氮 类相关药物
唑吡坦,乙,苯二氮 类相关药物
右美托咪定,乙,其他催眠镇静剂
盐酸右美托咪定鼻,乙,其他催眠镇静剂
阿米替林,甲,非选择性单胺重摄取抑制剂
丙米嗪,甲,非选择性单胺重摄取抑制剂
多塞平,甲,非选择性单胺重摄取抑制剂
氯米帕明,甲,非选择性单胺重摄取抑制剂
马普替林,乙,非选择性单胺重摄取抑制剂
帕罗西汀,甲,选择性5 -羟色胺再摄取抑制剂
艾司西酞普兰,甲,选择性5 -羟色胺再摄取抑制剂
氟西汀,甲,选择性5 -羟色胺再摄取抑制剂
氟伏沙明,乙,选择性5 -羟色胺再摄取抑制剂
舍曲林,乙,选择性5 -羟色胺再摄取抑制剂
西酞普兰,乙,选择性5 -羟色胺再摄取抑制剂
帕罗西汀 肠溶,乙,选择性5 -羟色胺再摄取抑制剂
米氮平,甲,其他抗抑郁药
文拉法辛,甲,其他抗抑郁药
阿戈美拉汀,乙,其他抗抑郁药
度洛西汀,乙,其他抗抑郁药
米安色林,乙,其他抗抑郁药
米那普仑,乙,其他抗抑郁药
曲唑酮,乙,其他抗抑郁药
瑞波西汀,乙,其他抗抑郁药
盐酸安非他酮,乙,其他抗抑郁药
石杉碱甲,甲,用于儿童注意缺陷障碍伴多动症和促智的精神兴奋药
甲氯芬酯,乙,用于儿童注意缺陷障碍伴多动症和促智的精神兴奋药
咖啡因,乙,用于儿童注意缺陷障碍伴多动症和促智的精神兴奋药
哌甲酯,乙,用于儿童注意缺陷障碍伴多动症和促智的精神兴奋药
托莫西汀,乙,用于儿童注意缺陷障碍伴多动症和促智的精神兴奋药
氟哌噻吨美利曲辛,乙,精神安定药和精神兴奋药的复方制剂
多奈哌齐,乙,抗痴呆药
多奈哌齐 口腔崩解,乙,抗痴呆药
加兰他敏,乙,抗痴呆药
卡巴拉汀,乙,抗痴呆药
美金刚,乙,抗痴呆药
盐酸美金刚,乙,抗痴呆药
利斯的明,乙,抗痴呆药
新斯的明,甲,拟副交感神经药
溴吡斯的明,甲,拟副交感神经药
溴新斯的明,甲,拟副交感神经药
美沙酮,乙,用于成瘾疾病的药物
纳曲酮,乙,用于成瘾疾病的药物
倍他司汀,甲,抗眩晕药
地芬尼多,甲,抗眩晕药
氟桂利嗪,甲,抗眩晕药
倍他司汀,乙,抗眩晕药
胞磷胆碱,乙,其他神经系统药物
胞磷胆碱氯化钠,乙,其他神经系统药物
胞磷胆碱葡萄糖,乙,其他神经系统药物
吡拉西坦,乙,其他神经系统药物
谷维素,乙,其他神经系统药物
环轮宁,乙,其他神经系统药物
利鲁唑,乙,其他神经系统药物
天麻素,乙,其他神经系统药物
依达拉奉,乙,其他神经系统药物
依达拉奉氯化钠,乙,其他神经系统药物
氨吡啶,乙,其他神经系统药物
伯氨喹,甲,抗疟药
蒿甲醚,甲,抗疟药
奎宁,甲,抗疟药
氯喹,甲,抗疟药
青蒿素类药物,甲,抗疟药
乙胺嘧啶,甲,抗疟药
咯萘啶,乙,抗疟药
磺胺多辛乙胺嘧啶,乙,抗疟药
奎宁,乙,抗疟药
哌喹,乙,抗疟药
羟氯喹,乙,抗疟药
葡萄糖酸锑钠,甲,抗利什曼病和锥虫病药物
吡喹酮,甲,抗吸虫药
阿苯达唑,甲,抗线虫药
甲苯咪唑,甲,抗线虫药
哌嗪,乙,抗线虫药
哌嗪 锭剂,乙,抗线虫药
双羟萘酸噻嘧啶,乙,抗线虫药
克罗米通,乙,包括杀疥螨药、杀虫剂及驱虫剂的杀体外寄生虫药
麻黄碱 滴鼻剂,甲,单方拟交感神经药
羟甲唑啉,乙,单方拟交感神经药
羟甲唑啉 滴鼻剂,乙,单方拟交感神经药
赛洛唑啉 滴鼻剂,乙,单方拟交感神经药
呋麻 滴鼻剂,乙,不包括皮质激素的拟交感神经药复方制剂
奥洛他定,乙,不包括皮质激素的抗过敏药物
盐酸奥洛他定,乙,不包括皮质激素的抗过敏药物
氮 斯汀,乙,不包括皮质激素的抗过敏药物
色甘酸钠 滴鼻剂,乙,不包括皮质激素的抗过敏药物
左卡巴斯汀,乙,不包括皮质激素的抗过敏药物
色甘萘甲那敏 鼻用,乙,不包括皮质激素的抗过敏药物
倍氯米松,甲,皮质激素类
倍氯米松福莫特罗 气雾剂,乙,皮质激素类
布地奈德,乙,皮质激素类
氟替卡松,乙,皮质激素类
糠酸莫米松,乙,皮质激素类
曲安奈德,乙,皮质激素类
沙丁胺醇,甲,吸入的肾上腺素能类药
福莫特罗,乙,吸入的肾上腺素能类药
沙美特罗,乙,吸入的肾上腺素能类药
沙美特罗替卡松,乙,吸入的肾上腺素能类药
盐酸丙卡特罗,乙,吸入的肾上腺素能类药
特布他林,乙,吸入的肾上腺素能类药
盐酸左沙丁胺醇雾化,乙,吸入的肾上腺素能类药
异丙托溴铵,甲,治疗阻塞性气道疾病的其他吸入药物
复方异丙托溴铵,乙,治疗阻塞性气道疾病的其他吸入药物
噻托溴铵,乙,治疗阻塞性气道疾病的其他吸入药物
色甘酸钠,乙,治疗阻塞性气道疾病的其他吸入药物
班布特罗,甲,全身用肾上腺素类药
沙丁胺醇,甲,全身用肾上腺素类药
特布他林,甲,全身用肾上腺素类药
班布特罗,乙,全身用肾上腺素类药
丙卡特罗,乙,全身用肾上腺素类药
复方甲氧那明,乙,全身用肾上腺素类药
沙丁胺醇,乙,全身用肾上腺素类药
特布他林,乙,全身用肾上腺素类药
茚达特罗,乙,全身用肾上腺素类药
氨茶碱,甲,黄嘌呤类
多索茶碱,乙,黄嘌呤类
二羟丙茶碱,乙,黄嘌呤类
孟鲁司特,乙,白三烯受体拮抗剂
孟鲁司特 咀嚼,乙,白三烯受体拮抗剂
氨溴索,甲,不含复方镇咳药的祛痰药
溴己新,甲,不含复方镇咳药的祛痰药
羧甲司坦,甲,不含复方镇咳药的祛痰药
氨溴索,乙,不含复方镇咳药的祛痰药
桉柠蒎,乙,不含复方镇咳药的祛痰药
福多司坦,乙,不含复方镇咳药的祛痰药
羧甲司坦,乙,不含复方镇咳药的祛痰药
溴己新,乙,不含复方镇咳药的祛痰药
盐酸溴己新,乙,不含复方镇咳药的祛痰药
乙酰半胱氨酸,乙,不含复方镇咳药的祛痰药
乙酰半胱氨酸 泡腾,乙,不含复方镇咳药的祛痰药
可待因,甲,不含复方祛痰药的镇咳药
喷托维林,甲,不含复方祛痰药的镇咳药
二氧丙嗪,乙,不含复方祛痰药的镇咳药
右美沙芬,乙,不含复方祛痰药的镇咳药
复方甘草,甲,镇咳药与祛痰药的复方
缓解感冒症状的复方OTC制剂,乙,其他感冒制剂
苯海拉明,甲,全身用抗组胺药
氯苯那敏,甲,全身用抗组胺药
氯雷他定,甲,全身用抗组胺药
赛庚啶,甲,全身用抗组胺药
异丙嗪,甲,全身用抗组胺药
小儿异丙嗪,甲,全身用抗组胺药
阿伐斯汀,乙,全身用抗组胺药
贝他斯汀,乙,全身用抗组胺药
茶苯海明,乙,全身用抗组胺药
地氯雷他定,乙,全身用抗组胺药
氯苯那敏,乙,全身用抗组胺药
氯雷他定,乙,全身用抗组胺药
咪唑斯汀,乙,全身用抗组胺药
曲普利啶,乙,全身用抗组胺药
酮替芬,乙,全身用抗组胺药
西替利嗪,乙,全身用抗组胺药
依巴斯汀,乙,全身用抗组胺药
依美斯汀,乙,全身用抗组胺药
左西替利嗪,乙,全身用抗组胺药
贝美格,甲,其他呼吸系统药物
洛贝林,甲,其他呼吸系统药物
尼可刹米,甲,其他呼吸系统药物
多沙普仑,乙,其他呼吸系统药物
二甲弗林,乙,其他呼吸系统药物
牛肺表面活性剂,乙,其他呼吸系统药物
猪肺磷脂,乙,其他呼吸系统药物
阿昔洛韦 滴眼剂,甲,抗感染药
红霉素 眼膏剂,甲,抗感染药
金霉素 眼膏剂,甲,抗感染药
利巴韦林 滴眼剂,甲,抗感染药
利福平 滴眼剂,甲,抗感染药
氯霉素 滴眼剂,甲,抗感染药
羟苄唑 滴眼剂,甲,抗感染药
庆大霉素 滴眼剂,甲,抗感染药
左氧氟沙星 滴眼剂,甲,抗感染药
氟康唑 滴眼剂,乙,抗感染药
更昔洛韦 眼用,乙,抗感染药
环丙沙星 眼膏剂,乙,抗感染药
环丙沙星 滴眼剂,乙,抗感染药
磺胺醋酰钠 滴眼剂,乙,抗感染药
林可霉素 滴眼剂,乙,抗感染药
那他霉素 滴眼剂,乙,抗感染药
诺氟沙星 滴眼剂,乙,抗感染药
妥布霉素 眼膏剂,乙,抗感染药
妥布霉素 滴眼剂,乙,抗感染药
氧氟沙星 眼膏剂,乙,抗感染药
氧氟沙星 滴眼剂,乙,抗感染药
左氧氟沙星 眼用,乙,抗感染药
加替沙星 滴眼剂,乙,抗感染药
加替沙星 眼用,乙,抗感染药
莫西沙星 滴眼剂,乙,抗感染药
地塞米松 滴眼剂,甲,抗炎药
可的松 眼膏剂,甲,抗炎药
可的松 滴眼剂,甲,抗炎药
地塞米松 植入剂,乙,抗炎药
氟米龙 滴眼剂,乙,抗炎药
泼尼松龙 滴眼剂,乙,抗炎药
普拉洛芬 滴眼剂,乙,抗炎药
庆大霉素氟米龙 滴眼剂,乙,抗炎药
双氯芬酸钠 滴眼剂,乙,抗炎药
溴芬酸钠 滴眼剂 限眼部手术后炎症。,乙,抗炎药
吲哚美辛 滴眼剂,乙,抗炎药
妥布霉素地塞米松 眼膏剂,乙,抗炎药与抗感染药的复方
妥布霉素地塞米松 滴眼剂,乙,抗炎药与抗感染药的复方
毛果芸香碱 滴眼剂,甲,抗青光眼制剂和缩瞳剂
毛果芸香碱,甲,抗青光眼制剂和缩瞳剂
噻吗洛尔 滴眼剂,甲,抗青光眼制剂和缩瞳剂
乙酰唑胺,甲,抗青光眼制剂和缩瞳剂
贝美前列素 滴眼剂 限二线用药。,乙,抗青光眼制剂和缩瞳剂
倍他洛尔 滴眼剂,乙,抗青光眼制剂和缩瞳剂
布林佐胺 滴眼剂,乙,抗青光眼制剂和缩瞳剂
布林佐胺噻吗洛尔滴眼液 限二线用药。,乙,抗青光眼制剂和缩瞳剂
布林佐胺溴莫尼定滴眼液 限二线用药。,乙,抗青光眼制剂和缩瞳剂
醋甲唑胺,乙,抗青光眼制剂和缩瞳剂
卡替洛尔 滴眼剂,乙,抗青光眼制剂和缩瞳剂
拉坦前列素 滴眼剂 限二线用药。,乙,抗青光眼制剂和缩瞳剂
毛果芸香碱,乙,抗青光眼制剂和缩瞳剂
毛果芸香碱 眼用,乙,抗青光眼制剂和缩瞳剂
曲伏前列素 滴眼剂 限二线用药。,乙,抗青光眼制剂和缩瞳剂
溴莫尼定 滴眼剂,乙,抗青光眼制剂和缩瞳剂
左布诺洛尔 滴眼剂,乙,抗青光眼制剂和缩瞳剂
他氟前列素滴眼液,乙,抗青光眼制剂和缩瞳剂
阿托品 眼膏剂,甲,散瞳药及睫状肌麻痹药
托吡卡胺 滴眼剂,甲,散瞳药及睫状肌麻痹药
阿托品 眼用,乙,散瞳药及睫状肌麻痹药
复方托吡卡胺 滴眼剂,乙,散瞳药及睫状肌麻痹药
奥洛他定 滴眼剂,乙,减充血药及抗过敏药
氮 斯汀 滴眼剂,乙,减充血药及抗过敏药
色甘酸钠 滴眼剂,乙,减充血药及抗过敏药
酮替芬 滴眼剂,乙,减充血药及抗过敏药
依美斯汀 滴眼剂,乙,减充血药及抗过敏药
吡嘧司特 滴眼剂,乙,减充血药及抗过敏药
奥布卡因 滴眼剂,乙,局部麻醉药
吲哚菁绿,乙,诊断用药
荧光素钠,乙,诊断用药
玻璃酸钠 滴眼剂,乙,手术辅助用药
阿柏西普眼内,乙,眼血管病用药
普罗碘铵,甲,其他眼科用药
环孢素 滴眼剂,乙,其他眼科用药
羟苯磺酸,乙,其他眼科用药
他克莫司 滴眼剂 限有眼睑结膜巨大乳头增殖的患者。,乙,其他眼科用药
维生素A棕榈酸酯 眼用,乙,其他眼科用药
滴眼剂,乙,其他眼科用药
重组牛碱性成纤维细胞生长因子 眼用,乙,其他眼科用药
滴眼剂 限有明确角膜溃疡或角膜损伤的患者。,乙,其他眼科用药
林可霉素 滴耳剂,甲,耳科用药
氧氟沙星 滴耳剂,甲,耳科用药
洛美沙星 滴耳剂,乙,耳科用药
左氧氟沙星 滴耳剂,乙,耳科用药
环丙沙星 滴耳剂,乙,眼科和耳科制剂
肠内营养剂,乙,肠内营养剂
肠内营养剂 乳剂,乙,肠内营养剂
肠内营养剂Ⅱ,乙,肠内营养剂
肠内营养,乙,肠内营养剂
短肽型肠内营养剂,乙,肠内营养剂
整蛋白型肠内营养剂,乙,肠内营养剂
多种微量元素Ⅰ,乙,其他营养剂
辅酶A,乙,其他营养剂
辅酶Q10,乙,其他营养剂
复方α-酮酸,乙,其他营养剂
环磷腺苷,乙,其他营养剂
葡萄糖,乙,其他营养剂
三磷酸腺苷,乙,其他营养剂
碘解磷定,甲,解毒药
二巯丙醇,甲,解毒药
二巯丙磺钠,甲,解毒药
二巯丁二钠,甲,解毒药
二巯丁二酸,甲,解毒药
氟马西尼,甲,解毒药
硫代硫酸钠,甲,解毒药
氯解磷定,甲,解毒药
纳洛酮,甲,解毒药
烯丙吗啡,甲,解毒药
亚甲蓝,甲,解毒药
亚硝酸钠,甲,解毒药
亚硝酸异戊酯,甲,解毒药
依地酸钙钠,甲,解毒药
乙酰胺,甲,解毒药
鱼精蛋白,甲,解毒药
复方氯解磷定,乙,解毒药
戊乙奎醚,乙,解毒药
依地酸钙钠,乙,解毒药
舒更葡糖钠,乙,解毒药
去铁胺,甲,铁螯合剂
地拉罗司,乙,铁螯合剂
司维拉姆,乙,高血钾和高磷血症治疗药
碳酸镧 咀嚼,乙,高血钾和高磷血症治疗药
亚叶酸钙,甲,抗肿瘤治疗用解毒药
亚叶酸钙氯化钠,甲,抗肿瘤治疗用解毒药
美司钠,乙,抗肿瘤治疗用解毒药
右丙亚胺,乙,抗肿瘤治疗用解毒药
结核菌素纯蛋白衍生物,甲,其他诊断试剂
旧结核菌素,甲,其他诊断试剂
碘比醇,甲,碘化X射线造影剂
碘佛醇,甲,碘化X射线造影剂
碘海醇,甲,碘化X射线造影剂
碘化油,甲,碘化X射线造影剂
碘帕醇,甲,碘化X射线造影剂
碘普罗胺,甲,碘化X射线造影剂
泛影葡胺,甲,碘化X射线造影剂
罂粟乙碘油,乙,碘化X射线造影剂
碘克沙醇,乙,碘化X射线造影剂
碘美普尔,乙,碘化X射线造影剂
泛影酸钠,乙,碘化X射线造影剂
复方泛影葡胺,乙,碘化X射线造影剂
硫酸钡Ⅰ型,甲,非碘化X射线造影剂
硫酸钡Ⅰ型,乙,非碘化X射线造影剂
钆双胺,甲,磁共振成像造影剂
钆贝葡胺,乙,磁共振成像造影剂
钆喷酸葡胺,乙,磁共振成像造影剂
钆特酸葡胺,乙,磁共振成像造影剂
钆特醇,乙,磁共振成像造影剂
钆布醇,乙,磁共振成像造影剂
六氟化硫微泡,乙,超声造影剂
双重造影产气,乙,超声造影剂
锝[99mTc]二巯丁二酸盐,乙,诊断用放射性药物
锝[99mTc]聚合白蛋白,乙,诊断用放射性药物
锝[99mTc]喷替酸盐,乙,诊断用放射性药物
锝[99mTc]双半胱氨酸,乙,诊断用放射性药物
锝[99mTc]亚甲基二膦酸盐,乙,诊断用放射性药物
锝[99mTc]依替菲宁,乙,诊断用放射性药物
碘[125I]密封籽源 放射密封籽源,乙,诊断用放射性药物
碘[131I]化钠,乙,诊断用放射性药物
氯化锶[89Sr],乙,诊断用放射性药物
